model,mic,n_seeds,accuracy,seed_std,ci_low,ci_high,severe,moderate-severe,mild,pooled,in_speech_commands,not_in_speech_commands,oov_rate,reject_rate,control_accuracy,params,macs,int8_mb,input_seconds,note
whisper-large-v3-lenient,wav_arrayMic,1,0.6627020494188013,,0.5355036942313156,0.8021838527077498,0.5413043478260869,0.4444444444444444,0.8973181865338727,0.7134831460674157,0.7452229299363057,0.47619047619047616,0.0,0.0,0.9573624177523048,1543490560,1299791185920,1543.49056,2.0,encoder padded to 30 s; greedy decode of one clip
parakeet-tdt-0.6b-v3-lenient,wav_arrayMic,1,0.7063139386189259,,0.5895804028132993,0.8378090366581414,0.5621376811594203,0.6666666666666666,0.9117647058823529,0.7415730337078652,0.7770700636942676,0.47619047619047616,0.033707865168539325,0.0,0.9195602323808806,627008134,16749277056,627.008134,2.0,"greedy TDT decode of one clip; multilingual, language not forced"
bcresnet-1,wav_arrayMic,3,0.8396756778395739,0.010794463666250134,0.771733390266332,0.9084049823633157,0.7995531400966183,0.7777777777777777,0.9138050281841131,0.8370786516853932,0.8577494692144375,0.6825396825396824,0.0,0.0,,9496,4939612,0.009496,2.0,log-Mel front end not counted
bcresnet-2,wav_arrayMic,3,0.8770579524080163,0.00576657339769147,0.8344964833759589,0.9227657757547464,0.8475060386473429,0.8518518518518517,0.9248625376076357,0.8764044943820225,0.8938428874734607,0.746031746031746,0.0,0.0,,27804,14574584,0.027804,2.0,log-Mel front end not counted
bcresnet-3,wav_arrayMic,3,0.873173309178744,0.006056278541649086,0.8149773550724637,0.9379629629629629,0.8435688405797102,0.8148148148148148,0.9320987654320988,0.8689138576779026,0.881104033970276,0.7777777777777777,0.0,0.0,,54944,28904916,0.054944,2.0,log-Mel front end not counted
bcresnet-8,wav_arrayMic,3,0.8647590461305296,0.018615229429931136,0.8100382447665055,0.9253131808278867,0.7984178743961352,0.8518518518518517,0.9575163398692811,0.8745318352059925,0.8832271762208069,0.8095238095238094,0.0,0.0,,323124,170986976,0.323124,2.0,log-Mel front end not counted
hubert-large,wav_arrayMic,3,0.8922983509023577,0.004498247559388123,0.851929347826087,0.9307216624069112,0.8546376811594202,0.8518518518518517,0.955994743576443,0.902621722846442,0.9278131634819533,0.7142857142857143,0.0,0.0,,316236462,36200462080,316.236462,2.0,"MACs include the CNN front end, every transformer layer and the head"
hubert-base,wav_arrayMic,3,0.8110884055715685,0.01314044692930503,0.7069698431304889,0.8993930905695611,0.778780193236715,0.6666666666666666,0.9023066016530068,0.8202247191011236,0.8322717622080681,0.7301587301587302,0.0,0.0,,94822562,14019337280,94.822562,2.0,"MACs include the CNN front end, every transformer layer and the head"
distilhubert,wav_arrayMic,3,0.798603905330248,0.044951503561725836,0.7350847947874801,0.8594432773109244,0.7558212560386472,0.7777777777777777,0.8625894802365389,0.7940074906367042,0.8089171974522293,0.6825396825396824,0.0,0.0,,23942808,6861684800,23.942808,2.0,"MACs include the CNN front end, every transformer layer and the head"
hubert-large-controls,wav_arrayMic,3,0.8578933521878961,0.022277428592743488,0.8107711855877617,0.9066260763564684,0.8195772946859904,0.7777777777777778,0.9356866203271433,0.8689138576779026,0.8938428874734607,0.6825396825396824,0.0,0.0,,316236462,36200462080,316.236462,2.0,"trained on control speakers only; MACs include the CNN front end, every transformer layer and the head"
hubert-base-controls,wav_arrayMic,3,0.7405880605060059,0.005210490045019885,0.6306660894430236,0.8446366972715011,0.6715096618357488,0.5555555555555556,0.8943700937164989,0.7640449438202247,0.7834394904458599,0.6190476190476191,0.0,0.0,,94822562,14019337280,94.822562,2.0,"trained on control speakers only; MACs include the CNN front end, every transformer layer and the head"
distilhubert-controls,wav_arrayMic,3,0.6641404822798685,0.07617783332023391,0.566274154589372,0.7653373015873016,0.557330917874396,0.5555555555555556,0.8427482103952691,0.6966292134831461,0.7197452229299363,0.5238095238095238,0.0,0.0,,23942808,6861684800,23.942808,2.0,"trained on control speakers only; MACs include the CNN front end, every transformer layer and the head"
