,F01,F03,F04,M01,M02,M03,M04,M05
whisper-large-v3-lenient,0.625,0.8235294117647058,0.9333333333333333,0.5833333333333334,0.5217391304347826,1.0,0.7058823529411765,0.8387096774193549
parakeet-tdt-0.6b-v3-lenient,0.375,0.6764705882352942,0.7333333333333333,0.2916666666666667,0.4782608695652174,0.9629629629629629,0.5882352941176471,0.16129032258064516
bcresnet-1,0.875,0.8676470588235294,1.0,0.7708333333333333,0.8478260869565217,0.9814814814814814,0.8235294117647058,0.8064516129032258
bcresnet-2,0.9375,0.8529411764705882,1.0,0.75,0.8260869565217391,0.9814814814814814,0.8823529411764706,0.9354838709677419
bcresnet-3,0.875,0.9117647058823529,1.0,0.7916666666666666,0.8478260869565217,1.0,0.8823529411764706,0.967741935483871
bcresnet-8,0.875,0.9117647058823529,1.0,0.75,0.8043478260869565,1.0,0.9411764705882353,0.9032258064516129
hubert-large,1.0,0.9705882352941176,1.0,0.7916666666666666,0.927536231884058,0.9629629629629629,0.9019607843137255,0.9139784946236559
hubert-base,0.9166666666666666,0.892156862745098,1.0,0.8333333333333334,0.7246376811594203,0.9506172839506172,0.9019607843137255,0.8279569892473116
distilhubert,0.8333333333333334,0.8627450980392157,0.9555555555555556,0.625,0.7246376811594203,0.9259259259259259,0.823529411764706,0.7634408602150536
hubert-large-controls,0.9583333333333334,0.9803921568627452,1.0,0.7361111111111112,0.7971014492753623,0.9382716049382714,0.8039215686274509,0.8387096774193549
hubert-base-controls,0.8333333333333334,0.8725490196078431,1.0,0.6527777777777777,0.6231884057971014,0.9753086419753085,0.8039215686274509,0.6989247311827956
distilhubert-controls,0.6666666666666666,0.8627450980392156,0.9333333333333332,0.5,0.5217391304347826,0.8888888888888888,0.8039215686274509,0.6344086021505376
n clips,8.0,34.0,15.0,24.0,23.0,27.0,17.0,31.0
